{"labels_path":"/home/haochen/code/TSDF/model/labels.txt","_wandb":{"runtime":2409},"epoch":100,"train_acc":0.7661177295024527,"_step":99,"train_loss":0.68037083028661,"metrics_path":"/home/haochen/code/TSDF/model/train_metrics.json","best_val_acc":0.6457321304649549,"_timestamp":1.7736671818213413e+09,"_runtime":2409,"val_acc":0.6436502428868841,"val_loss":1.2413944574712796,"best_checkpoint":"/home/haochen/code/TSDF/model/pointnet_best.pth","lr":3.125e-05}