{
	"class_name" : "PinholeCameraParameters",
	"extrinsic" : 
	[
		0.6405298682947026,
		0.22122100788079152,
		-0.73537932626269675,
		0.0,
		0.7637709377981603,
		-0.083951414130158789,
		0.64000477704503544,
		0.0,
		0.079846367464587203,
		-0.97160353320567616,
		-0.22273556488571095,
		0.0,
		0.2012631641157322,
		0.76675106646270696,
		0.40685420852971421,
		1.0
	],
	"intrinsic" : 
	{
		"height" : 1080,
		"intrinsic_matrix" : 
		[
			935.30743608719376,
			0.0,
			0.0,
			0.0,
			935.30743608719376,
			0.0,
			959.5,
			539.5,
			1.0
		],
		"width" : 1920
	},
	"version_major" : 1,
	"version_minor" : 0
}