{
	"class_name" : "PinholeCameraParameters",
	"extrinsic" : 
	[
		0.69690996777126013,
		-0.14271751636219809,
		-0.70281448999324647,
		0.0,
		0.6170968335349678,
		-0.37996520255044525,
		0.68907034683834389,
		0.0,
		-0.3653874585452786,
		-0.91392458954456679,
		-0.1767310096265437,
		0.0,
		0.83997039974594645,
		0.5508552079180361,
		2.8569589085148119,
		1.0
	],
	"intrinsic" : 
	{
		"height" : 1080,
		"intrinsic_matrix" : 
		[
			935.30743608719376,
			0.0,
			0.0,
			0.0,
			935.30743608719376,
			0.0,
			959.5,
			539.5,
			1.0
		],
		"width" : 1920
	},
	"version_major" : 1,
	"version_minor" : 0
}