{"_runtime":72,"epoch":2,"train_acc":0.30807638402242465,"val_acc":0.34836918806384454,"_timestamp":1.7737271024441836e+09,"_step":1,"lr":0.0009990232305719946,"_wandb":{"runtime":72},"best_val_acc":0.34836918806384454,"val_loss":2.1389666023889737,"train_loss":2.216326239732236}